1,9488571827381,14-06-2023 14:30:00,Na kraj sela zuta kuca (Part 1),Na kraj sela zuta kuca ti ti ti zuta kuca ta ta ta zuta kucica
2,9488571827381,18-06-2023 14:30:00,Na kraj sela zuta kuca (Part 2),U njoj sedi stara majka ti ti ti stara majka ta ta ta stara majcica
3,9488571827381,19-06-2023 14:30:00,Na kraj sela zuta kuca (Part 3),Majka ima jednu cerku ti ti ti jednu cerku ta ta ta jednu cerkicu
4,9488571827381,20-06-2023 14:30:00,Na kraj sela zuta kuca (Part 4),Cerka ima vredne ruke ti ti ti vredne ruke ta ta ta vredne rucice
5,9488571827381,21-06-2023 14:30:00,Pregled, Moram da odem na pregled
6,9488571827381,22-06-2023 14:30:00,Kontorla, Moram da odem na kontrolu kod doktora u 14:30 u utorak 22.06.2023 godine u Dom zdravlja u Zemunu u ulici Vrtlarska 2 na 3. spratu kod doktora Milana Milovanovica u kabinetu broj 5 na pregled zbog bolesti koju imam i koja me muci vec duze vreme i koja mi je dijagnostikovana pre 2 meseca
7,9488571827381,23-06-2023 14:30:00,Naslov 7,Tekst
8,9488571827381,24-06-2023 14:30:00,Naslov 8,Tekst
9,9488571827381,25-06-2023 12:53:00,Kreirana notifikacija,Neki tekst ne znam ni ja sta
10,9488571827381,30-05-2023 15:23:00,a,b
11,9488571827381,31-05-2023 12:12:00,c,d
12,9488571827381,31-05-2023 23:23:00,Pls radi,aj pls kad te molim
13,9488571827381,02-06-2023 23:55:00,aaavdsghsdhshdfshfghfdhdfhdf,aaavdsghsdhshdfshfghfdhdfhdfaaavdsghsdhshdfshfghfdhdfhdfaaavdsghsdhshdfshfghfdhdfhdfaaavdsghsdhshdfshfghfdhdfhdfaaavdsghsdhshdfshfghfdhdfhdfaaavdsghsdhshdfshfghfdhdfhdfaaavdsghsdhshdfshfghfdhdfhdfaaavdsghsdhshdfshfghfdhdfhdfaaavdsghsdhshdfshfghfdhdfhdfaaavdsghsdhshdfshfghfdhdfhdfaaavdsghsdhshdfshfghfdhdfhdfaaavdsghsdhshdfshfghfdhdfhdfaaavdsghsdhshdfshfghfdhdfhdfaaavdsghsdhshdfshfghfdhdfhdfaaavdsghsdhshdfshfghfdhdfhdfaaavdsghsdhshdfshfghfdhdfhdfaaavdsghsdhshdfshfghfdhdfhdfaaavdsghsdhshdfshfghfdhdfhdfaaavdsghsdhshdfshfghfdhdfhdfaaavdsghsdhshdfshfghfdhdfhdfaaavdsghsdhshdfshfghfdhdfhdf
14,9488571827381,04-06-2023 22:22:00,123,321
15,9488571827381,03-06-2023 12:12:00,If this doesn't work I will commit unalive,PLEASE I NEED THIS TO WORK MY SANITY IS SO LOW THE DEVIL SAID HI TO IT
16,9488571827381,31-05-2023 13:10:00,Merge,aaaa
